1622735663886,188,,200,Success,Example Thread Group 1-21,text,true,68,50,50,0
1622735664049,36,,200,Success,Example Thread Group 1-26,text,true,68,50,50,0
1622735663565,508,,200,Success,Example Thread Group 1-43,text,true,68,50,50,0
1622735663386,687,,200,Success,Example Thread Group 1-41,text,true,68,50,50,0
1622735663386,688,,200,Success,Example Thread Group 1-7,text,true,68,50,50,0
1622735663731,343,,200,Success,Example Thread Group 1-49,text,true,68,50,50,0
1622735663416,658,,200,Success,Example Thread Group 1-25,text,true,67,50,50,0
1622735663386,687,,200,Success,Example Thread Group 1-19,text,true,67,50,50,0
1622735664093,10,,200,Success,Example Thread Group 1-41,text,true,68,50,50,0
1622735664090,14,,200,Success,Example Thread Group 1-7,text,true,68,50,50,0
1622735664090,18,,200,Success,Example Thread Group 1-19,text,true,68,50,50,0
1622735664090,21,,200,Success,Example Thread Group 1-21,text,true,66,50,50,0
1622735664090,22,,200,Success,Example Thread Group 1-49,text,true,68,50,50,0
1622735664090,25,,200,Success,Example Thread Group 1-26,text,true,68,50,50,0
1622735664091,40,,200,Success,Example Thread Group 1-43,text,true,68,44,44,0
1622735664090,44,,200,Success,Example Thread Group 1-25,text,true,68,43,43,0
1622735664179,21,,200,Success,Example Thread Group 1-16,text,true,68,42,42,0
1622735664201,5,,200,Success,Example Thread Group 1-16,text,true,68,42,42,0
1622735664331,13,,200,Success,Example Thread Group 1-3,text,true,68,41,41,0
1622735664345,6,,200,Success,Example Thread Group 1-3,text,true,68,41,41,0
1622735664475,11,,200,Success,Example Thread Group 1-27,text,true,68,40,40,0
1622735664486,6,,200,Success,Example Thread Group 1-27,text,true,68,40,40,0
1622735664615,11,,200,Success,Example Thread Group 1-33,text,true,68,39,39,0
1622735664626,5,,200,Success,Example Thread Group 1-33,text,true,68,39,39,0
1622735664753,11,,200,Success,Example Thread Group 1-34,text,true,68,38,38,0
1622735664764,7,,200,Success,Example Thread Group 1-34,text,true,68,38,38,0
1622735664895,14,,200,Success,Example Thread Group 1-6,text,true,68,37,37,0
1622735664910,8,,200,Success,Example Thread Group 1-6,text,true,68,37,37,0
1622735665045,14,,200,Success,Example Thread Group 1-14,text,true,68,36,36,0
1622735665059,17,,200,Success,Example Thread Group 1-14,text,true,68,36,36,0
1622735665192,10,,200,Success,Example Thread Group 1-15,text,true,68,35,35,0
1622735665203,5,,200,Success,Example Thread Group 1-15,text,true,68,35,35,0
1622735665340,14,,200,Success,Example Thread Group 1-45,text,true,67,34,34,0
1622735665354,8,,200,Success,Example Thread Group 1-45,text,true,68,34,34,0
1622735665499,11,,200,Success,Example Thread Group 1-37,text,true,68,33,33,0
1622735665510,5,,200,Success,Example Thread Group 1-37,text,true,68,33,33,0
1622735665629,9,,200,Success,Example Thread Group 1-44,text,true,68,32,32,0
1622735665638,5,,200,Success,Example Thread Group 1-44,text,true,68,32,32,0
1622735665771,10,,200,Success,Example Thread Group 1-36,text,true,68,31,31,0
1622735665781,5,,200,Success,Example Thread Group 1-36,text,true,68,31,31,0
1622735665905,8,,200,Success,Example Thread Group 1-47,text,true,66,30,30,0
1622735665914,4,,200,Success,Example Thread Group 1-47,text,true,68,30,30,0
1622735666067,8,,200,Success,Example Thread Group 1-11,text,true,68,29,29,0
1622735666076,4,,200,Success,Example Thread Group 1-11,text,true,68,29,29,0
1622735666203,8,,200,Success,Example Thread Group 1-42,text,true,68,28,28,0
1622735666211,6,,200,Success,Example Thread Group 1-42,text,true,68,28,28,0
1622735666333,8,,200,Success,Example Thread Group 1-18,text,true,68,27,27,0
1622735666342,4,,200,Success,Example Thread Group 1-18,text,true,68,27,27,0
1622735666468,9,,200,Success,Example Thread Group 1-29,text,true,68,26,26,0
1622735666477,5,,200,Success,Example Thread Group 1-29,text,true,68,26,26,0
1622735666597,7,,200,Success,Example Thread Group 1-40,text,true,68,25,25,0
1622735666604,4,,200,Success,Example Thread Group 1-40,text,true,68,25,25,0
1622735666732,7,,200,Success,Example Thread Group 1-48,text,true,68,24,24,0
1622735666740,3,,200,Success,Example Thread Group 1-48,text,true,66,24,24,0
1622735666865,8,,200,Success,Example Thread Group 1-46,text,true,68,23,23,0
1622735666874,4,,200,Success,Example Thread Group 1-46,text,true,68,23,23,0
1622735667013,37,,200,Success,Example Thread Group 1-1,text,true,68,22,22,0
1622735667050,9,,200,Success,Example Thread Group 1-1,text,true,68,22,22,0
1622735667165,10,,200,Success,Example Thread Group 1-4,text,true,68,21,21,0
1622735667176,4,,200,Success,Example Thread Group 1-4,text,true,68,21,21,0
1622735667305,7,,200,Success,Example Thread Group 1-39,text,true,68,20,20,0
1622735667312,5,,200,Success,Example Thread Group 1-39,text,true,68,20,20,0
1622735667432,6,,200,Success,Example Thread Group 1-2,text,true,68,19,19,0
1622735667438,4,,200,Success,Example Thread Group 1-2,text,true,67,19,19,0
1622735667561,6,,200,Success,Example Thread Group 1-23,text,true,68,18,18,0
1622735667568,3,,200,Success,Example Thread Group 1-23,text,true,68,18,18,0
1622735667694,6,,200,Success,Example Thread Group 1-17,text,true,68,17,17,0
1622735667700,3,,200,Success,Example Thread Group 1-17,text,true,68,17,17,0
1622735667835,10,,200,Success,Example Thread Group 1-8,text,true,68,16,16,0
1622735667846,6,,200,Success,Example Thread Group 1-8,text,true,68,16,16,0
1622735667970,8,,200,Success,Example Thread Group 1-30,text,true,68,15,15,0
1622735667979,5,,200,Success,Example Thread Group 1-30,text,true,67,15,15,0
1622735668110,7,,200,Success,Example Thread Group 1-38,text,true,68,14,14,0
1622735668117,4,,200,Success,Example Thread Group 1-38,text,true,68,14,14,0
1622735668241,8,,200,Success,Example Thread Group 1-10,text,true,68,13,13,0
1622735668250,3,,200,Success,Example Thread Group 1-10,text,true,68,13,13,0
1622735668369,7,,200,Success,Example Thread Group 1-12,text,true,68,12,12,0
1622735668377,4,,200,Success,Example Thread Group 1-12,text,true,68,12,12,0
1622735668497,8,,200,Success,Example Thread Group 1-28,text,true,67,11,11,0
1622735668505,5,,200,Success,Example Thread Group 1-28,text,true,68,11,11,0
1622735668621,8,,200,Success,Example Thread Group 1-13,text,true,68,10,10,0
1622735668630,2,,200,Success,Example Thread Group 1-13,text,true,68,10,10,0
1622735668749,5,,200,Success,Example Thread Group 1-5,text,true,68,9,9,0
1622735668754,4,,200,Success,Example Thread Group 1-5,text,true,67,9,9,0
1622735668891,8,,200,Success,Example Thread Group 1-35,text,true,68,8,8,0
1622735668900,7,,200,Success,Example Thread Group 1-35,text,true,68,8,8,0
1622735669018,6,,200,Success,Example Thread Group 1-20,text,true,68,7,7,0
1622735669025,3,,200,Success,Example Thread Group 1-20,text,true,68,7,7,0
1622735669146,5,,200,Success,Example Thread Group 1-50,text,true,68,6,6,0
1622735669151,3,,200,Success,Example Thread Group 1-50,text,true,68,6,6,0
1622735669274,9,,200,Success,Example Thread Group 1-9,text,true,68,5,5,0
1622735669283,3,,200,Success,Example Thread Group 1-9,text,true,68,5,5,0
1622735669402,9,,200,Success,Example Thread Group 1-32,text,true,68,4,4,0
1622735669416,3,,200,Success,Example Thread Group 1-32,text,true,68,4,4,0
1622735669531,6,,200,Success,Example Thread Group 1-24,text,true,68,3,3,0
1622735669537,3,,200,Success,Example Thread Group 1-24,text,true,67,3,3,0
1622735669657,6,,200,Success,Example Thread Group 1-31,text,true,68,2,2,0
1622735669664,3,,200,Success,Example Thread Group 1-31,text,true,68,2,2,0
1622735669782,5,,200,Success,Example Thread Group 1-22,text,true,67,1,1,0
1622735669787,2,,200,Success,Example Thread Group 1-22,text,true,68,1,1,0
1622736250302,724,,200,Success,Example Thread Group 1-28,text,true,68,50,50,0
1622736250302,723,,200,Success,Example Thread Group 1-15,text,true,66,50,50,0
1622736250364,662,,200,Success,Example Thread Group 1-6,text,true,68,50,50,0
1622736250911,115,,200,Success,Example Thread Group 1-48,text,true,68,50,50,0
1622736250686,340,,200,Success,Example Thread Group 1-5,text,true,68,50,50,0
1622736250515,512,,200,Success,Example Thread Group 1-2,text,true,68,50,50,0
1622736250302,724,,200,Success,Example Thread Group 1-12,text,true,68,50,50,0
1622736251042,13,,200,Success,Example Thread Group 1-12,text,true,68,50,50,0
1622736251042,14,,200,Success,Example Thread Group 1-5,text,true,68,50,50,0
1622736251042,15,,200,Success,Example Thread Group 1-2,text,true,68,50,50,0
1622736251042,18,,200,Success,Example Thread Group 1-48,text,true,68,50,50,0
1622736251042,19,,200,Success,Example Thread Group 1-6,text,true,68,50,50,0
1622736251042,20,,200,Success,Example Thread Group 1-15,text,true,68,50,50,0
1622736251042,35,,200,Success,Example Thread Group 1-28,text,true,68,48,48,0
1622736251203,20,,200,Success,Example Thread Group 1-45,text,true,68,43,43,0
1622736251224,6,,200,Success,Example Thread Group 1-45,text,true,68,43,43,0
1622736251493,24,,200,Success,Example Thread Group 1-27,text,true,67,42,42,0
1622736251517,7,,200,Success,Example Thread Group 1-27,text,true,68,42,42,0
1622736251731,14,,200,Success,Example Thread Group 1-8,text,true,68,41,41,0
1622736251745,9,,200,Success,Example Thread Group 1-8,text,true,68,41,41,0
1622736251921,12,,200,Success,Example Thread Group 1-40,text,true,68,40,40,0
1622736251933,7,,200,Success,Example Thread Group 1-40,text,true,68,40,40,0
1622736252060,9,,200,Success,Example Thread Group 1-39,text,true,68,39,39,0
1622736252070,5,,200,Success,Example Thread Group 1-39,text,true,68,39,39,0
1622736252190,10,,200,Success,Example Thread Group 1-36,text,true,68,38,38,0
1622736252200,5,,200,Success,Example Thread Group 1-36,text,true,68,38,38,0
1622736252320,9,,200,Success,Example Thread Group 1-46,text,true,68,37,37,0
1622736252330,4,,200,Success,Example Thread Group 1-46,text,true,68,37,37,0
1622736252446,8,,200,Success,Example Thread Group 1-9,text,true,68,36,36,0
1622736252454,4,,200,Success,Example Thread Group 1-9,text,true,68,36,36,0
1622736252572,10,,200,Success,Example Thread Group 1-13,text,true,68,35,35,0
1622736252582,7,,200,Success,Example Thread Group 1-13,text,true,68,35,35,0
1622736252724,9,,200,Success,Example Thread Group 1-23,text,true,68,34,34,0
1622736252733,5,,200,Success,Example Thread Group 1-23,text,true,68,34,34,0
1622736252847,8,,200,Success,Example Thread Group 1-1,text,true,68,33,33,0
1622736252855,5,,200,Success,Example Thread Group 1-1,text,true,68,33,33,0
1622736252974,8,,200,Success,Example Thread Group 1-4,text,true,68,32,32,0
1622736252983,4,,200,Success,Example Thread Group 1-4,text,true,68,32,32,0
1622736253098,10,,200,Success,Example Thread Group 1-32,text,true,68,31,31,0
1622736253109,3,,200,Success,Example Thread Group 1-32,text,true,68,31,31,0
1622736253233,10,,200,Success,Example Thread Group 1-35,text,true,68,30,30,0
1622736253243,4,,200,Success,Example Thread Group 1-35,text,true,68,30,30,0
1622736253358,7,,200,Success,Example Thread Group 1-16,text,true,68,29,29,0
1622736253366,3,,200,Success,Example Thread Group 1-16,text,true,67,29,29,0
1622736253488,7,,200,Success,Example Thread Group 1-20,text,true,67,28,28,0
1622736253495,4,,200,Success,Example Thread Group 1-20,text,true,68,28,28,0
1622736253614,7,,200,Success,Example Thread Group 1-26,text,true,68,27,27,0
1622736253621,3,,200,Success,Example Thread Group 1-26,text,true,68,27,27,0
1622736253732,7,,200,Success,Example Thread Group 1-37,text,true,68,26,26,0
1622736253739,3,,200,Success,Example Thread Group 1-37,text,true,68,26,26,0
1622736253853,6,,200,Success,Example Thread Group 1-42,text,true,67,25,25,0
1622736253859,4,,200,Success,Example Thread Group 1-42,text,true,68,25,25,0
1622736253976,7,,200,Success,Example Thread Group 1-38,text,true,68,24,24,0
1622736253983,6,,200,Success,Example Thread Group 1-38,text,true,68,24,24,0
1622736254095,7,,200,Success,Example Thread Group 1-29,text,true,68,23,23,0
1622736254102,4,,200,Success,Example Thread Group 1-29,text,true,68,23,23,0
1622736254219,7,,200,Success,Example Thread Group 1-25,text,true,68,22,22,0
1622736254226,3,,200,Success,Example Thread Group 1-25,text,true,68,22,22,0
1622736254338,6,,200,Success,Example Thread Group 1-30,text,true,68,21,21,0
1622736254344,3,,200,Success,Example Thread Group 1-30,text,true,68,21,21,0
1622736254465,7,,200,Success,Example Thread Group 1-50,text,true,68,20,20,0
1622736254472,4,,200,Success,Example Thread Group 1-50,text,true,68,20,20,0
1622736254587,8,,200,Success,Example Thread Group 1-11,text,true,68,19,19,0
1622736254595,3,,200,Success,Example Thread Group 1-11,text,true,66,19,19,0
1622736254715,6,,200,Success,Example Thread Group 1-19,text,true,68,18,18,0
1622736254722,4,,200,Success,Example Thread Group 1-19,text,true,68,18,18,0
1622736254834,6,,200,Success,Example Thread Group 1-18,text,true,68,17,17,0
1622736254840,4,,200,Success,Example Thread Group 1-18,text,true,68,17,17,0
1622736254967,8,,200,Success,Example Thread Group 1-49,text,true,68,16,16,0
1622736254975,9,,200,Success,Example Thread Group 1-49,text,true,68,16,16,0
1622736255097,7,,200,Success,Example Thread Group 1-17,text,true,68,15,15,0
1622736255105,3,,200,Success,Example Thread Group 1-17,text,true,68,15,15,0
1622736255219,7,,200,Success,Example Thread Group 1-43,text,true,68,14,14,0
1622736255227,4,,200,Success,Example Thread Group 1-43,text,true,68,14,14,0
1622736255341,7,,200,Success,Example Thread Group 1-33,text,true,68,13,13,0
1622736255348,2,,200,Success,Example Thread Group 1-33,text,true,68,13,13,0
1622736255466,8,,200,Success,Example Thread Group 1-41,text,true,68,12,12,0
1622736255475,3,,200,Success,Example Thread Group 1-41,text,true,68,12,12,0
1622736255591,8,,200,Success,Example Thread Group 1-3,text,true,68,11,11,0
1622736255599,3,,200,Success,Example Thread Group 1-3,text,true,68,11,11,0
1622736255715,7,,200,Success,Example Thread Group 1-47,text,true,68,10,10,0
1622736255722,3,,200,Success,Example Thread Group 1-47,text,true,68,10,10,0
1622736255842,14,,200,Success,Example Thread Group 1-21,text,true,68,9,9,0
1622736255857,3,,200,Success,Example Thread Group 1-21,text,true,68,9,9,0
1622736255974,7,,200,Success,Example Thread Group 1-10,text,true,68,8,8,0
1622736255981,4,,200,Success,Example Thread Group 1-10,text,true,68,8,8,0
1622736256108,8,,200,Success,Example Thread Group 1-22,text,true,68,7,7,0
1622736256116,5,,200,Success,Example Thread Group 1-22,text,true,68,7,7,0
1622736256237,6,,200,Success,Example Thread Group 1-14,text,true,67,6,6,0
1622736256244,3,,200,Success,Example Thread Group 1-14,text,true,68,6,6,0
1622736256360,5,,200,Success,Example Thread Group 1-24,text,true,68,5,5,0
1622736256365,3,,200,Success,Example Thread Group 1-24,text,true,68,5,5,0
1622736256492,5,,200,Success,Example Thread Group 1-44,text,true,68,4,4,0
1622736256498,3,,200,Success,Example Thread Group 1-44,text,true,68,4,4,0
1622736256615,10,,200,Success,Example Thread Group 1-34,text,true,68,3,3,0
1622736256625,3,,200,Success,Example Thread Group 1-34,text,true,68,3,3,0
1622736256742,7,,200,Success,Example Thread Group 1-31,text,true,68,2,2,0
1622736256749,3,,200,Success,Example Thread Group 1-31,text,true,68,2,2,0
1622736256867,5,,200,Success,Example Thread Group 1-7,text,true,68,1,1,0
1622736256872,2,,200,Success,Example Thread Group 1-7,text,true,68,1,1,0
1622736294658,652,,200,Success,Example Thread Group 1-13,text,true,68,50,50,0
1622736295249,66,,200,Success,Example Thread Group 1-40,text,true,67,50,50,0
1622736294658,653,,200,Success,Example Thread Group 1-6,text,true,68,50,50,0
1622736294792,518,,200,Success,Example Thread Group 1-16,text,true,68,50,50,0
1622736294658,652,,200,Success,Example Thread Group 1-2,text,true,67,50,50,0
1622736294932,379,,200,Success,Example Thread Group 1-3,text,true,68,50,50,0
1622736294658,653,,200,Success,Example Thread Group 1-36,text,true,68,50,50,0
1622736295087,224,,200,Success,Example Thread Group 1-46,text,true,68,50,50,0
1622736295327,16,,200,Success,Example Thread Group 1-6,text,true,68,50,50,0
1622736295327,16,,200,Success,Example Thread Group 1-16,text,true,68,50,50,0
1622736295327,18,,200,Success,Example Thread Group 1-13,text,true,68,50,50,0
1622736295327,19,,200,Success,Example Thread Group 1-46,text,true,68,50,50,0
1622736295327,22,,200,Success,Example Thread Group 1-3,text,true,68,50,50,0
1622736295327,23,,200,Success,Example Thread Group 1-36,text,true,68,50,50,0
1622736295327,43,,200,Success,Example Thread Group 1-2,text,true,68,45,45,0
1622736295327,44,,200,Success,Example Thread Group 1-40,text,true,66,45,45,0
1622736295422,22,,200,Success,Example Thread Group 1-30,text,true,68,42,42,0
1622736295445,6,,200,Success,Example Thread Group 1-30,text,true,67,42,42,0
1622736295573,13,,200,Success,Example Thread Group 1-47,text,true,68,41,41,0
1622736295586,6,,200,Success,Example Thread Group 1-47,text,true,68,41,41,0
1622736295706,11,,200,Success,Example Thread Group 1-12,text,true,68,40,40,0
1622736295718,5,,200,Success,Example Thread Group 1-12,text,true,68,40,40,0
1622736295845,10,,200,Success,Example Thread Group 1-32,text,true,68,39,39,0
1622736295856,5,,200,Success,Example Thread Group 1-32,text,true,68,39,39,0
1622736295983,9,,200,Success,Example Thread Group 1-23,text,true,68,38,38,0
1622736295993,5,,200,Success,Example Thread Group 1-23,text,true,68,38,38,0
1622736296289,10,,200,Success,Example Thread Group 1-39,text,true,68,37,37,0
1622736296299,4,,200,Success,Example Thread Group 1-39,text,true,68,37,37,0
1622736296419,8,,200,Success,Example Thread Group 1-35,text,true,68,36,36,0
1622736296428,4,,200,Success,Example Thread Group 1-35,text,true,68,36,36,0
1622736296555,8,,200,Success,Example Thread Group 1-24,text,true,68,35,35,0
1622736296563,5,,200,Success,Example Thread Group 1-24,text,true,68,35,35,0
1622736296703,9,,200,Success,Example Thread Group 1-41,text,true,68,34,34,0
1622736296712,4,,200,Success,Example Thread Group 1-41,text,true,68,34,34,0
1622736296848,8,,200,Success,Example Thread Group 1-29,text,true,68,33,33,0
1622736296856,4,,200,Success,Example Thread Group 1-29,text,true,68,33,33,0
1622736297235,10,,200,Success,Example Thread Group 1-25,text,true,68,32,32,0
1622736297245,4,,200,Success,Example Thread Group 1-25,text,true,68,32,32,0
1622736297360,9,,200,Success,Example Thread Group 1-1,text,true,68,31,31,0
1622736297370,4,,200,Success,Example Thread Group 1-1,text,true,68,31,31,0
1622736297479,8,,200,Success,Example Thread Group 1-42,text,true,68,30,30,0
1622736297487,4,,200,Success,Example Thread Group 1-42,text,true,68,30,30,0
1622736297599,8,,200,Success,Example Thread Group 1-18,text,true,68,29,29,0
1622736297607,4,,200,Success,Example Thread Group 1-18,text,true,68,29,29,0
1622736297717,8,,200,Success,Example Thread Group 1-48,text,true,68,28,28,0
1622736297726,3,,200,Success,Example Thread Group 1-48,text,true,68,28,28,0
1622736297838,7,,200,Success,Example Thread Group 1-34,text,true,68,27,27,0
1622736297846,3,,200,Success,Example Thread Group 1-34,text,true,68,27,27,0
1622736297960,8,,200,Success,Example Thread Group 1-20,text,true,68,26,26,0
1622736297969,3,,200,Success,Example Thread Group 1-20,text,true,68,26,26,0
1622736298080,6,,200,Success,Example Thread Group 1-45,text,true,68,25,25,0
1622736298088,4,,200,Success,Example Thread Group 1-45,text,true,68,25,25,0
1622736298196,7,,200,Success,Example Thread Group 1-31,text,true,68,24,24,0
1622736298205,3,,200,Success,Example Thread Group 1-31,text,true,68,24,24,0
1622736298321,7,,200,Success,Example Thread Group 1-27,text,true,68,23,23,0
1622736298330,3,,200,Success,Example Thread Group 1-27,text,true,68,23,23,0
1622736298486,7,,200,Success,Example Thread Group 1-44,text,true,68,22,22,0
1622736298495,4,,200,Success,Example Thread Group 1-44,text,true,68,22,22,0
1622736298601,6,,200,Success,Example Thread Group 1-7,text,true,68,21,21,0
1622736298608,3,,200,Success,Example Thread Group 1-7,text,true,68,21,21,0
1622736298716,6,,200,Success,Example Thread Group 1-8,text,true,68,20,20,0
1622736298724,3,,200,Success,Example Thread Group 1-8,text,true,68,20,20,0
1622736298840,5,,200,Success,Example Thread Group 1-26,text,true,68,19,19,0
1622736298847,4,,200,Success,Example Thread Group 1-26,text,true,68,19,19,0
1622736298964,6,,200,Success,Example Thread Group 1-38,text,true,68,18,18,0
1622736298971,3,,200,Success,Example Thread Group 1-38,text,true,68,18,18,0
1622736299086,6,,200,Success,Example Thread Group 1-28,text,true,68,17,17,0
1622736299093,3,,200,Success,Example Thread Group 1-28,text,true,68,17,17,0
1622736299204,6,,200,Success,Example Thread Group 1-37,text,true,68,16,16,0
1622736299211,3,,200,Success,Example Thread Group 1-37,text,true,68,16,16,0
1622736299321,6,,200,Success,Example Thread Group 1-5,text,true,68,15,15,0
1622736299329,3,,200,Success,Example Thread Group 1-5,text,true,68,15,15,0
1622736299443,9,,200,Success,Example Thread Group 1-4,text,true,68,14,14,0
1622736299453,3,,200,Success,Example Thread Group 1-4,text,true,68,14,14,0
1622736299565,6,,200,Success,Example Thread Group 1-50,text,true,68,13,13,0
1622736299573,3,,200,Success,Example Thread Group 1-50,text,true,68,13,13,0
1622736299685,7,,200,Success,Example Thread Group 1-43,text,true,68,12,12,0
1622736299693,3,,200,Success,Example Thread Group 1-43,text,true,68,12,12,0
1622736299806,7,,200,Success,Example Thread Group 1-21,text,true,68,11,11,0
1622736299815,2,,200,Success,Example Thread Group 1-21,text,true,68,11,11,0
1622736299924,6,,200,Success,Example Thread Group 1-10,text,true,68,10,10,0
1622736299931,3,,200,Success,Example Thread Group 1-10,text,true,68,10,10,0
1622736300042,5,,200,Success,Example Thread Group 1-15,text,true,68,9,9,0
1622736300050,3,,200,Success,Example Thread Group 1-15,text,true,68,9,9,0
1622736300186,6,,200,Success,Example Thread Group 1-17,text,true,68,8,8,0
1622736300193,3,,200,Success,Example Thread Group 1-17,text,true,68,8,8,0
1622736300324,5,,200,Success,Example Thread Group 1-49,text,true,68,7,7,0
1622736300330,3,,200,Success,Example Thread Group 1-49,text,true,68,7,7,0
1622736300447,5,,200,Success,Example Thread Group 1-9,text,true,68,6,6,0
1622736300453,2,,200,Success,Example Thread Group 1-9,text,true,68,6,6,0
1622736300566,5,,200,Success,Example Thread Group 1-33,text,true,68,5,5,0
1622736300573,2,,200,Success,Example Thread Group 1-33,text,true,68,5,5,0
1622736300688,5,,200,Success,Example Thread Group 1-11,text,true,68,4,4,0
1622736300694,2,,200,Success,Example Thread Group 1-11,text,true,68,4,4,0
1622736300812,5,,200,Success,Example Thread Group 1-14,text,true,68,3,3,0
1622736300819,3,,200,Success,Example Thread Group 1-14,text,true,68,3,3,0
1622736300998,7,,200,Success,Example Thread Group 1-19,text,true,68,2,2,0
1622736301006,4,,200,Success,Example Thread Group 1-19,text,true,68,2,2,0
1622736301118,5,,200,Success,Example Thread Group 1-22,text,true,68,1,1,0
1622736301124,2,,200,Success,Example Thread Group 1-22,text,true,68,1,1,0
1622736313821,642,,200,Success,Example Thread Group 1-37,text,true,68,50,50,0
1622736313713,750,,200,Success,Example Thread Group 1-44,text,true,68,50,50,0
1622736314300,163,,200,Success,Example Thread Group 1-18,text,true,68,50,50,0
1622736313713,750,,200,Success,Example Thread Group 1-27,text,true,68,50,50,0
1622736314472,13,,200,Success,Example Thread Group 1-28,text,true,67,50,50,0
1622736314129,334,,200,Success,Example Thread Group 1-10,text,true,68,50,50,0
1622736313713,750,,200,Success,Example Thread Group 1-34,text,true,68,50,50,0
1622736313713,750,,200,Success,Example Thread Group 1-24,text,true,68,50,50,0
1622736313975,488,,200,Success,Example Thread Group 1-12,text,true,68,50,50,0
1622736314490,11,,200,Success,Example Thread Group 1-27,text,true,68,50,50,0
1622736314487,16,,200,Success,Example Thread Group 1-34,text,true,68,50,50,0
1622736314487,16,,200,Success,Example Thread Group 1-28,text,true,68,50,50,0
1622736314487,18,,200,Success,Example Thread Group 1-10,text,true,68,50,50,0
1622736314487,20,,200,Success,Example Thread Group 1-37,text,true,68,50,50,0
1622736314487,20,,200,Success,Example Thread Group 1-44,text,true,68,50,50,0
1622736314487,22,,200,Success,Example Thread Group 1-12,text,true,68,50,50,0
1622736314487,40,,200,Success,Example Thread Group 1-24,text,true,67,45,45,0
1622736314487,43,,200,Success,Example Thread Group 1-18,text,true,68,44,44,0
1622736314628,17,,200,Success,Example Thread Group 1-50,text,true,68,41,41,0
1622736314645,7,,200,Success,Example Thread Group 1-50,text,true,68,41,41,0
1622736314780,13,,200,Success,Example Thread Group 1-8,text,true,68,40,40,0
1622736314794,6,,200,Success,Example Thread Group 1-8,text,true,68,40,40,0
1622736314943,11,,200,Success,Example Thread Group 1-20,text,true,68,39,39,0
1622736314954,6,,200,Success,Example Thread Group 1-20,text,true,68,39,39,0
1622736315086,10,,200,Success,Example Thread Group 1-5,text,true,68,38,38,0
1622736315097,5,,200,Success,Example Thread Group 1-5,text,true,68,38,38,0
1622736315224,11,,200,Success,Example Thread Group 1-45,text,true,67,37,37,0
1622736315235,5,,200,Success,Example Thread Group 1-45,text,true,68,37,37,0
1622736315362,10,,200,Success,Example Thread Group 1-47,text,true,68,36,36,0
1622736315372,5,,200,Success,Example Thread Group 1-47,text,true,68,36,36,0
1622736315495,10,,200,Success,Example Thread Group 1-35,text,true,67,35,35,0
1622736315505,5,,200,Success,Example Thread Group 1-35,text,true,68,35,35,0
1622736315650,10,,200,Success,Example Thread Group 1-48,text,true,68,34,34,0
1622736315660,5,,200,Success,Example Thread Group 1-48,text,true,68,34,34,0
1622736315778,17,,200,Success,Example Thread Group 1-21,text,true,68,33,33,0
1622736315795,4,,200,Success,Example Thread Group 1-21,text,true,68,33,33,0
1622736315915,8,,200,Success,Example Thread Group 1-17,text,true,66,32,32,0
1622736315924,4,,200,Success,Example Thread Group 1-17,text,true,68,32,32,0
1622736316048,11,,200,Success,Example Thread Group 1-49,text,true,68,31,31,0
1622736316060,4,,200,Success,Example Thread Group 1-49,text,true,68,31,31,0
1622736316184,7,,200,Success,Example Thread Group 1-42,text,true,67,30,30,0
1622736316191,5,,200,Success,Example Thread Group 1-42,text,true,68,30,30,0
1622736316314,7,,200,Success,Example Thread Group 1-3,text,true,68,29,29,0
1622736316322,4,,200,Success,Example Thread Group 1-3,text,true,68,29,29,0
1622736316445,7,,200,Success,Example Thread Group 1-31,text,true,68,28,28,0
1622736316452,3,,200,Success,Example Thread Group 1-31,text,true,68,28,28,0
1622736316567,7,,200,Success,Example Thread Group 1-33,text,true,68,27,27,0
1622736316576,3,,200,Success,Example Thread Group 1-33,text,true,68,27,27,0
1622736316733,6,,200,Success,Example Thread Group 1-38,text,true,68,26,26,0
1622736316741,3,,200,Success,Example Thread Group 1-38,text,true,68,26,26,0
1622736316856,7,,200,Success,Example Thread Group 1-7,text,true,68,25,25,0
1622736316864,4,,200,Success,Example Thread Group 1-7,text,true,68,25,25,0
1622736317006,7,,200,Success,Example Thread Group 1-39,text,true,68,24,24,0
1622736317015,3,,200,Success,Example Thread Group 1-39,text,true,68,24,24,0
1622736317112,6,,200,Success,Example Thread Group 1-11,text,true,68,23,23,0
1622736317120,4,,200,Success,Example Thread Group 1-11,text,true,67,23,23,0
1622736317237,7,,200,Success,Example Thread Group 1-1,text,true,66,22,22,0
1622736317245,4,,200,Success,Example Thread Group 1-1,text,true,68,22,22,0
1622736317357,6,,200,Success,Example Thread Group 1-14,text,true,68,21,21,0
1622736317365,3,,200,Success,Example Thread Group 1-14,text,true,68,21,21,0
1622736317477,6,,200,Success,Example Thread Group 1-15,text,true,67,20,20,0
1622736317484,8,,200,Success,Example Thread Group 1-15,text,true,68,20,20,0
1622736317597,6,,200,Success,Example Thread Group 1-29,text,true,68,19,19,0
1622736317604,3,,200,Success,Example Thread Group 1-29,text,true,68,19,19,0
1622736317721,7,,200,Success,Example Thread Group 1-26,text,true,68,18,18,0
1622736317729,4,,200,Success,Example Thread Group 1-26,text,true,68,18,18,0
1622736317843,6,,200,Success,Example Thread Group 1-41,text,true,68,17,17,0
1622736317850,3,,200,Success,Example Thread Group 1-41,text,true,68,17,17,0
1622736317966,7,,200,Success,Example Thread Group 1-43,text,true,68,16,16,0
1622736317974,3,,200,Success,Example Thread Group 1-43,text,true,66,16,16,0
1622736318087,6,,200,Success,Example Thread Group 1-22,text,true,67,15,15,0
1622736318094,3,,200,Success,Example Thread Group 1-22,text,true,68,15,15,0
1622736318202,6,,200,Success,Example Thread Group 1-6,text,true,68,14,14,0
1622736318209,4,,200,Success,Example Thread Group 1-6,text,true,68,14,14,0
1622736318324,7,,200,Success,Example Thread Group 1-16,text,true,68,13,13,0
1622736318332,3,,200,Success,Example Thread Group 1-16,text,true,68,13,13,0
1622736318446,7,,200,Success,Example Thread Group 1-23,text,true,68,12,12,0
1622736318454,3,,200,Success,Example Thread Group 1-23,text,true,68,12,12,0
1622736318571,8,,200,Success,Example Thread Group 1-2,text,true,68,11,11,0
1622736318581,2,,200,Success,Example Thread Group 1-2,text,true,66,11,11,0
1622736318690,6,,200,Success,Example Thread Group 1-40,text,true,68,10,10,0
1622736318697,5,,200,Success,Example Thread Group 1-40,text,true,68,10,10,0
1622736318815,5,,200,Success,Example Thread Group 1-9,text,true,68,9,9,0
1622736318821,3,,200,Success,Example Thread Group 1-9,text,true,68,9,9,0
1622736318932,5,,200,Success,Example Thread Group 1-4,text,true,68,8,8,0
1622736318938,3,,200,Success,Example Thread Group 1-4,text,true,68,8,8,0
1622736319055,5,,200,Success,Example Thread Group 1-32,text,true,67,7,7,0
1622736319062,3,,200,Success,Example Thread Group 1-32,text,true,68,7,7,0
1622736319172,6,,200,Success,Example Thread Group 1-36,text,true,68,6,6,0
1622736319179,3,,200,Success,Example Thread Group 1-36,text,true,68,6,6,0
1622736319292,5,,200,Success,Example Thread Group 1-46,text,true,68,5,5,0
1622736319298,3,,200,Success,Example Thread Group 1-46,text,true,68,5,5,0
1622736319413,5,,200,Success,Example Thread Group 1-13,text,true,68,4,4,0
1622736319419,3,,200,Success,Example Thread Group 1-13,text,true,68,4,4,0
1622736319536,4,,200,Success,Example Thread Group 1-19,text,true,68,3,3,0
1622736319542,2,,200,Success,Example Thread Group 1-19,text,true,67,3,3,0
1622736319653,5,,200,Success,Example Thread Group 1-25,text,true,68,2,2,0
1622736319659,3,,200,Success,Example Thread Group 1-25,text,true,67,2,2,0
1622736319770,5,,200,Success,Example Thread Group 1-30,text,true,68,1,1,0
1622736319776,2,,200,Success,Example Thread Group 1-30,text,true,68,1,1,0
1622736358718,71,,200,Success,Example Thread Group 1-16,text,true,68,50,50,0
1622736358148,641,,200,Success,Example Thread Group 1-49,text,true,67,50,50,0
1622736358140,649,,200,Success,Example Thread Group 1-13,text,true,68,50,50,0
1622736358140,649,,200,Success,Example Thread Group 1-8,text,true,68,50,50,0
1622736358430,359,,200,Success,Example Thread Group 1-34,text,true,68,50,50,0
1622736358140,649,,200,Success,Example Thread Group 1-37,text,true,68,50,50,0
1622736358577,212,,200,Success,Example Thread Group 1-26,text,true,68,50,50,0
1622736358290,499,,200,Success,Example Thread Group 1-44,text,true,68,50,50,0
1622736358803,10,,200,Success,Example Thread Group 1-13,text,true,68,50,50,0
1622736358802,13,,200,Success,Example Thread Group 1-26,text,true,68,50,50,0
1622736358802,16,,200,Success,Example Thread Group 1-37,text,true,68,50,50,0
1622736358802,18,,200,Success,Example Thread Group 1-49,text,true,68,50,50,0
1622736358802,19,,200,Success,Example Thread Group 1-34,text,true,68,50,50,0
1622736358802,33,,200,Success,Example Thread Group 1-8,text,true,68,46,46,0
1622736358802,34,,200,Success,Example Thread Group 1-16,text,true,68,45,45,0
1622736358803,36,,200,Success,Example Thread Group 1-44,text,true,68,44,44,0
1622736358887,21,,200,Success,Example Thread Group 1-50,text,true,68,42,42,0
1622736358908,6,,200,Success,Example Thread Group 1-50,text,true,68,42,42,0
1622736359020,11,,200,Success,Example Thread Group 1-23,text,true,68,41,41,0
1622736359032,7,,200,Success,Example Thread Group 1-23,text,true,68,41,41,0
1622736359154,11,,200,Success,Example Thread Group 1-47,text,true,68,40,40,0
1622736359165,7,,200,Success,Example Thread Group 1-47,text,true,68,40,40,0
1622736359289,11,,200,Success,Example Thread Group 1-30,text,true,68,39,39,0
1622736359300,6,,200,Success,Example Thread Group 1-30,text,true,68,39,39,0
1622736359427,12,,200,Success,Example Thread Group 1-6,text,true,68,38,38,0
1622736359439,6,,200,Success,Example Thread Group 1-6,text,true,67,38,38,0
1622736359567,12,,200,Success,Example Thread Group 1-38,text,true,68,37,37,0
1622736359579,6,,200,Success,Example Thread Group 1-38,text,true,67,37,37,0
1622736359702,12,,200,Success,Example Thread Group 1-35,text,true,68,36,36,0
1622736359714,7,,200,Success,Example Thread Group 1-35,text,true,68,36,36,0
1622736359838,9,,200,Success,Example Thread Group 1-40,text,true,68,35,35,0
1622736359848,5,,200,Success,Example Thread Group 1-40,text,true,68,35,35,0
1622736359982,8,,200,Success,Example Thread Group 1-20,text,true,68,34,34,0
1622736359990,4,,200,Success,Example Thread Group 1-20,text,true,68,34,34,0
1622736360117,8,,200,Success,Example Thread Group 1-12,text,true,68,33,33,0
1622736360126,5,,200,Success,Example Thread Group 1-12,text,true,68,33,33,0
1622736360257,8,,200,Success,Example Thread Group 1-4,text,true,68,32,32,0
1622736360266,4,,200,Success,Example Thread Group 1-4,text,true,68,32,32,0
1622736360394,11,,200,Success,Example Thread Group 1-31,text,true,68,31,31,0
1622736360406,4,,200,Success,Example Thread Group 1-31,text,true,68,31,31,0
1622736360526,7,,200,Success,Example Thread Group 1-15,text,true,68,30,30,0
1622736360533,7,,200,Success,Example Thread Group 1-15,text,true,68,30,30,0
1622736360669,8,,200,Success,Example Thread Group 1-17,text,true,68,29,29,0
1622736360677,4,,200,Success,Example Thread Group 1-17,text,true,68,29,29,0
1622736360792,8,,200,Success,Example Thread Group 1-7,text,true,68,28,28,0
1622736360800,4,,200,Success,Example Thread Group 1-7,text,true,68,28,28,0
1622736360918,6,,200,Success,Example Thread Group 1-29,text,true,68,27,27,0
1622736360925,4,,200,Success,Example Thread Group 1-29,text,true,68,27,27,0
1622736361044,7,,200,Success,Example Thread Group 1-33,text,true,67,26,26,0
1622736361051,5,,200,Success,Example Thread Group 1-33,text,true,68,26,26,0
1622736361173,7,,200,Success,Example Thread Group 1-5,text,true,68,25,25,0
1622736361180,4,,200,Success,Example Thread Group 1-5,text,true,68,25,25,0
1622736361301,7,,200,Success,Example Thread Group 1-48,text,true,68,24,24,0
1622736361308,3,,200,Success,Example Thread Group 1-48,text,true,67,24,24,0
1622736361424,7,,200,Success,Example Thread Group 1-14,text,true,68,23,23,0
1622736361431,4,,200,Success,Example Thread Group 1-14,text,true,68,23,23,0
1622736361553,7,,200,Success,Example Thread Group 1-41,text,true,68,22,22,0
1622736361559,4,,200,Success,Example Thread Group 1-41,text,true,68,22,22,0
1622736361673,6,,200,Success,Example Thread Group 1-1,text,true,68,21,21,0
1622736361678,3,,200,Success,Example Thread Group 1-1,text,true,68,21,21,0
1622736361790,6,,200,Success,Example Thread Group 1-10,text,true,68,20,20,0
1622736361795,4,,200,Success,Example Thread Group 1-10,text,true,68,20,20,0
1622736361905,7,,200,Success,Example Thread Group 1-3,text,true,68,19,19,0
1622736361911,3,,200,Success,Example Thread Group 1-3,text,true,68,19,19,0
1622736362037,6,,200,Success,Example Thread Group 1-19,text,true,68,18,18,0
1622736362042,4,,200,Success,Example Thread Group 1-19,text,true,68,18,18,0
1622736362157,6,,200,Success,Example Thread Group 1-46,text,true,68,17,17,0
1622736362162,3,,200,Success,Example Thread Group 1-46,text,true,68,17,17,0
1622736362275,6,,200,Success,Example Thread Group 1-28,text,true,68,16,16,0
1622736362280,3,,200,Success,Example Thread Group 1-28,text,true,68,16,16,0
1622736362392,6,,200,Success,Example Thread Group 1-11,text,true,68,15,15,0
1622736362397,3,,200,Success,Example Thread Group 1-11,text,true,67,15,15,0
1622736362510,8,,200,Success,Example Thread Group 1-36,text,true,68,14,14,0
1622736362517,3,,200,Success,Example Thread Group 1-36,text,true,68,14,14,0
1622736362631,8,,200,Success,Example Thread Group 1-43,text,true,67,13,13,0
1622736362638,3,,200,Success,Example Thread Group 1-43,text,true,68,13,13,0
1622736362756,6,,200,Success,Example Thread Group 1-42,text,true,68,12,12,0
1622736362761,4,,200,Success,Example Thread Group 1-42,text,true,68,12,12,0
1622736362872,9,,200,Success,Example Thread Group 1-45,text,true,67,11,11,0
1622736362880,3,,200,Success,Example Thread Group 1-45,text,true,68,11,11,0
1622736362988,5,,200,Success,Example Thread Group 1-27,text,true,68,10,10,0
1622736362992,3,,200,Success,Example Thread Group 1-27,text,true,68,10,10,0
1622736363102,5,,200,Success,Example Thread Group 1-21,text,true,68,9,9,0
1622736363106,3,,200,Success,Example Thread Group 1-21,text,true,68,9,9,0
1622736363222,5,,200,Success,Example Thread Group 1-24,text,true,68,8,8,0
1622736363226,3,,200,Success,Example Thread Group 1-24,text,true,68,8,8,0
1622736363336,5,,200,Success,Example Thread Group 1-22,text,true,68,7,7,0
1622736363340,3,,200,Success,Example Thread Group 1-22,text,true,67,7,7,0
1622736363539,5,,200,Success,Example Thread Group 1-25,text,true,68,6,6,0
1622736363543,3,,200,Success,Example Thread Group 1-25,text,true,68,6,6,0
1622736363652,5,,200,Success,Example Thread Group 1-2,text,true,68,5,5,0
1622736363656,3,,200,Success,Example Thread Group 1-2,text,true,68,5,5,0
1622736363869,5,,200,Success,Example Thread Group 1-9,text,true,68,4,4,0
1622736363873,3,,200,Success,Example Thread Group 1-9,text,true,68,4,4,0
1622736363985,5,,200,Success,Example Thread Group 1-39,text,true,68,3,3,0
1622736363989,3,,200,Success,Example Thread Group 1-39,text,true,68,3,3,0
1622736364100,5,,200,Success,Example Thread Group 1-32,text,true,68,2,2,0
1622736364105,3,,200,Success,Example Thread Group 1-32,text,true,68,2,2,0
1622736364213,5,,200,Success,Example Thread Group 1-18,text,true,68,1,1,0
1622736364218,2,,200,Success,Example Thread Group 1-18,text,true,68,1,1,0
1622736393983,640,,200,Success,Example Thread Group 1-21,text,true,68,50,50,0
1622736393983,640,,200,Success,Example Thread Group 1-23,text,true,68,50,50,0
1622736394203,420,,200,Success,Example Thread Group 1-43,text,true,68,50,50,0
1622736393983,640,,200,Success,Example Thread Group 1-50,text,true,68,50,50,0
1622736394368,255,,200,Success,Example Thread Group 1-20,text,true,68,50,50,0
1622736394520,103,,200,Success,Example Thread Group 1-39,text,true,68,50,50,0
1622736393983,640,,200,Success,Example Thread Group 1-40,text,true,67,50,50,0
1622736394061,562,,200,Success,Example Thread Group 1-1,text,true,68,50,50,0
1622736394639,16,,200,Success,Example Thread Group 1-20,text,true,68,50,50,0
1622736394639,20,,200,Success,Example Thread Group 1-23,text,true,68,50,50,0
1622736394639,22,,200,Success,Example Thread Group 1-50,text,true,68,50,50,0
1622736394639,27,,200,Success,Example Thread Group 1-21,text,true,68,50,50,0
1622736394639,29,,200,Success,Example Thread Group 1-40,text,true,68,50,50,0
1622736394639,46,,200,Success,Example Thread Group 1-39,text,true,68,45,45,0
1622736394639,46,,200,Success,Example Thread Group 1-1,text,true,68,45,45,0
1622736394639,47,,200,Success,Example Thread Group 1-43,text,true,68,45,45,0
1622736394684,13,,200,Success,Example Thread Group 1-24,text,true,68,42,42,0
1622736394697,7,,200,Success,Example Thread Group 1-24,text,true,68,42,42,0
1622736394826,11,,200,Success,Example Thread Group 1-31,text,true,68,41,41,0
1622736394838,5,,200,Success,Example Thread Group 1-31,text,true,67,41,41,0
1622736394964,12,,200,Success,Example Thread Group 1-32,text,true,68,40,40,0
1622736394976,5,,200,Success,Example Thread Group 1-32,text,true,68,40,40,0
1622736395099,9,,200,Success,Example Thread Group 1-48,text,true,68,39,39,0
1622736395109,5,,200,Success,Example Thread Group 1-48,text,true,68,39,39,0
1622736395235,10,,200,Success,Example Thread Group 1-3,text,true,68,38,38,0
1622736395245,5,,200,Success,Example Thread Group 1-3,text,true,68,38,38,0
1622736395368,9,,200,Success,Example Thread Group 1-27,text,true,68,37,37,0
1622736395377,5,,200,Success,Example Thread Group 1-27,text,true,68,37,37,0
1622736395501,9,,200,Success,Example Thread Group 1-42,text,true,68,36,36,0
1622736395510,5,,200,Success,Example Thread Group 1-42,text,true,68,36,36,0
1622736395645,10,,200,Success,Example Thread Group 1-7,text,true,68,35,35,0
1622736395655,5,,200,Success,Example Thread Group 1-7,text,true,68,35,35,0
1622736395776,10,,200,Success,Example Thread Group 1-13,text,true,68,34,34,0
1622736395787,4,,200,Success,Example Thread Group 1-13,text,true,68,34,34,0
1622736395918,8,,200,Success,Example Thread Group 1-49,text,true,68,33,33,0
1622736395926,4,,200,Success,Example Thread Group 1-49,text,true,68,33,33,0
1622736396052,9,,200,Success,Example Thread Group 1-8,text,true,68,32,32,0
1622736396061,5,,200,Success,Example Thread Group 1-8,text,true,68,32,32,0
1622736396186,10,,200,Success,Example Thread Group 1-28,text,true,68,31,31,0
1622736396196,5,,200,Success,Example Thread Group 1-28,text,true,68,31,31,0
1622736396316,9,,200,Success,Example Thread Group 1-34,text,true,68,30,30,0
1622736396325,4,,200,Success,Example Thread Group 1-34,text,true,68,30,30,0
1622736396440,7,,200,Success,Example Thread Group 1-44,text,true,68,29,29,0
1622736396447,4,,200,Success,Example Thread Group 1-44,text,true,68,29,29,0
1622736396569,6,,200,Success,Example Thread Group 1-37,text,true,68,28,28,0
1622736396576,3,,200,Success,Example Thread Group 1-37,text,true,68,28,28,0
1622736396693,7,,200,Success,Example Thread Group 1-41,text,true,68,27,27,0
1622736396700,4,,200,Success,Example Thread Group 1-41,text,true,68,27,27,0
1622736396816,8,,200,Success,Example Thread Group 1-4,text,true,68,26,26,0
1622736396824,4,,200,Success,Example Thread Group 1-4,text,true,67,26,26,0
1622736396942,7,,200,Success,Example Thread Group 1-33,text,true,68,25,25,0
1622736396950,3,,200,Success,Example Thread Group 1-33,text,true,68,25,25,0
1622736397072,7,,200,Success,Example Thread Group 1-16,text,true,66,24,24,0
1622736397079,4,,200,Success,Example Thread Group 1-16,text,true,68,24,24,0
1622736397195,8,,200,Success,Example Thread Group 1-47,text,true,68,23,23,0
1622736397203,4,,200,Success,Example Thread Group 1-47,text,true,68,23,23,0
1622736397319,6,,200,Success,Example Thread Group 1-14,text,true,68,22,22,0
1622736397326,3,,200,Success,Example Thread Group 1-14,text,true,68,22,22,0
1622736397439,6,,200,Success,Example Thread Group 1-18,text,true,68,21,21,0
1622736397446,4,,200,Success,Example Thread Group 1-18,text,true,68,21,21,0
1622736397559,7,,200,Success,Example Thread Group 1-12,text,true,68,20,20,0
1622736397566,3,,200,Success,Example Thread Group 1-12,text,true,68,20,20,0
1622736397676,6,,200,Success,Example Thread Group 1-22,text,true,68,19,19,0
1622736397682,4,,200,Success,Example Thread Group 1-22,text,true,68,19,19,0
1622736397812,6,,200,Success,Example Thread Group 1-19,text,true,68,18,18,0
1622736397818,4,,200,Success,Example Thread Group 1-19,text,true,67,18,18,0
1622736397951,6,,200,Success,Example Thread Group 1-10,text,true,68,17,17,0
1622736397958,3,,200,Success,Example Thread Group 1-10,text,true,68,17,17,0
1622736398070,6,,200,Success,Example Thread Group 1-29,text,true,68,16,16,0
1622736398077,3,,200,Success,Example Thread Group 1-29,text,true,68,16,16,0
1622736398189,6,,200,Success,Example Thread Group 1-25,text,true,68,15,15,0
1622736398196,3,,200,Success,Example Thread Group 1-25,text,true,68,15,15,0
1622736398310,7,,200,Success,Example Thread Group 1-46,text,true,68,14,14,0
1622736398317,3,,200,Success,Example Thread Group 1-46,text,true,68,14,14,0
1622736398431,7,,200,Success,Example Thread Group 1-2,text,true,68,13,13,0
1622736398438,3,,200,Success,Example Thread Group 1-2,text,true,68,13,13,0
1622736398586,6,,200,Success,Example Thread Group 1-38,text,true,68,12,12,0
1622736398592,4,,200,Success,Example Thread Group 1-38,text,true,68,12,12,0
1622736398699,8,,200,Success,Example Thread Group 1-6,text,true,68,11,11,0
1622736398707,3,,200,Success,Example Thread Group 1-6,text,true,67,11,11,0
1622736398818,7,,200,Success,Example Thread Group 1-11,text,true,67,10,10,0
1622736398825,3,,200,Success,Example Thread Group 1-11,text,true,68,10,10,0
1622736398946,6,,200,Success,Example Thread Group 1-36,text,true,68,9,9,0
1622736398952,4,,200,Success,Example Thread Group 1-36,text,true,68,9,9,0
1622736399065,5,,200,Success,Example Thread Group 1-9,text,true,68,8,8,0
1622736399070,3,,200,Success,Example Thread Group 1-9,text,true,68,8,8,0
1622736399181,5,,200,Success,Example Thread Group 1-17,text,true,68,7,7,0
1622736399186,3,,200,Success,Example Thread Group 1-17,text,true,68,7,7,0
1622736399298,7,,200,Success,Example Thread Group 1-35,text,true,68,6,6,0
1622736399305,3,,200,Success,Example Thread Group 1-35,text,true,68,6,6,0
1622736399766,5,,200,Success,Example Thread Group 1-45,text,true,68,5,5,0
1622736399771,3,,200,Success,Example Thread Group 1-45,text,true,68,5,5,0
1622736399930,5,,200,Success,Example Thread Group 1-30,text,true,68,4,4,0
1622736399936,3,,200,Success,Example Thread Group 1-30,text,true,68,4,4,0
1622736400116,5,,200,Success,Example Thread Group 1-15,text,true,68,3,3,0
1622736400122,2,,200,Success,Example Thread Group 1-15,text,true,68,3,3,0
1622736400329,6,,200,Success,Example Thread Group 1-5,text,true,68,2,2,0
1622736400335,3,,200,Success,Example Thread Group 1-5,text,true,68,2,2,0
1622736400518,5,,200,Success,Example Thread Group 1-26,text,true,68,1,1,0
1622736400523,3,,200,Success,Example Thread Group 1-26,text,true,68,1,1,0
1622736435784,721,,200,Success,Example Thread Group 1-16,text,true,68,50,50,0
1622736435784,722,,200,Success,Example Thread Group 1-7,text,true,68,50,50,0
1622736435854,652,,200,Success,Example Thread Group 1-10,text,true,68,50,50,0
1622736436017,489,,200,Success,Example Thread Group 1-38,text,true,68,50,50,0
1622736436356,149,,200,Success,Example Thread Group 1-9,text,true,68,50,50,0
1622736435784,722,,200,Success,Example Thread Group 1-28,text,true,68,50,50,0
1622736436191,315,,200,Success,Example Thread Group 1-44,text,true,67,50,50,0
1622736435784,722,,200,Success,Example Thread Group 1-15,text,true,68,50,50,0
1622736436523,14,,200,Success,Example Thread Group 1-7,text,true,68,50,50,0
1622736436523,14,,200,Success,Example Thread Group 1-28,text,true,68,50,50,0
1622736436523,15,,200,Success,Example Thread Group 1-10,text,true,67,50,50,0
1622736436523,16,,200,Success,Example Thread Group 1-44,text,true,68,50,50,0
1622736436523,20,,200,Success,Example Thread Group 1-9,text,true,68,50,50,0
1622736436523,37,,200,Success,Example Thread Group 1-15,text,true,68,47,47,0
1622736436523,37,,200,Success,Example Thread Group 1-16,text,true,68,47,47,0
1622736436523,43,,200,Success,Example Thread Group 1-38,text,true,68,43,43,0
1622736436559,13,,200,Success,Example Thread Group 1-35,text,true,68,42,42,0
1622736436572,6,,200,Success,Example Thread Group 1-35,text,true,67,42,42,0
1622736436734,16,,200,Success,Example Thread Group 1-22,text,true,68,41,41,0
1622736436750,6,,200,Success,Example Thread Group 1-22,text,true,68,41,41,0
1622736436884,14,,200,Success,Example Thread Group 1-6,text,true,68,40,40,0
1622736436899,11,,200,Success,Example Thread Group 1-6,text,true,68,40,40,0
1622736437087,16,,200,Success,Example Thread Group 1-21,text,true,68,39,39,0
1622736437103,14,,200,Success,Example Thread Group 1-21,text,true,68,39,39,0
1622736437240,64,,200,Success,Example Thread Group 1-29,text,true,68,38,38,0
1622736437305,20,,200,Success,Example Thread Group 1-29,text,true,68,38,38,0
1622736437405,14,,200,Success,Example Thread Group 1-14,text,true,68,37,37,0
1622736437419,5,,200,Success,Example Thread Group 1-14,text,true,67,37,37,0
1622736437549,10,,200,Success,Example Thread Group 1-19,text,true,68,36,36,0
1622736437559,5,,200,Success,Example Thread Group 1-19,text,true,68,36,36,0
1622736437681,10,,200,Success,Example Thread Group 1-33,text,true,68,35,35,0
1622736437692,6,,200,Success,Example Thread Group 1-33,text,true,68,35,35,0
1622736437882,11,,200,Success,Example Thread Group 1-4,text,true,68,34,34,0
1622736437894,6,,200,Success,Example Thread Group 1-4,text,true,68,34,34,0
1622736438026,8,,200,Success,Example Thread Group 1-2,text,true,68,33,33,0
1622736438035,7,,200,Success,Example Thread Group 1-2,text,true,68,33,33,0
1622736438166,7,,200,Success,Example Thread Group 1-42,text,true,68,32,32,0
1622736438174,4,,200,Success,Example Thread Group 1-42,text,true,68,32,32,0
1622736438306,11,,200,Success,Example Thread Group 1-39,text,true,68,31,31,0
1622736438317,4,,200,Success,Example Thread Group 1-39,text,true,68,31,31,0
1622736438444,9,,200,Success,Example Thread Group 1-47,text,true,68,30,30,0
1622736438453,5,,200,Success,Example Thread Group 1-47,text,true,68,30,30,0
1622736438630,11,,200,Success,Example Thread Group 1-37,text,true,68,29,29,0
1622736438640,5,,200,Success,Example Thread Group 1-37,text,true,68,29,29,0
1622736438771,13,,200,Success,Example Thread Group 1-18,text,true,67,28,28,0
1622736438783,6,,200,Success,Example Thread Group 1-18,text,true,68,28,28,0
1622736438912,6,,200,Success,Example Thread Group 1-31,text,true,68,27,27,0
1622736438917,4,,200,Success,Example Thread Group 1-31,text,true,68,27,27,0
1622736439053,13,,200,Success,Example Thread Group 1-50,text,true,68,26,26,0
1622736439066,8,,200,Success,Example Thread Group 1-50,text,true,67,26,26,0
1622736439219,16,,200,Success,Example Thread Group 1-20,text,true,68,25,25,0
1622736439234,12,,200,Success,Example Thread Group 1-20,text,true,68,25,25,0
1622736439366,9,,200,Success,Example Thread Group 1-45,text,true,68,24,24,0
1622736439374,5,,200,Success,Example Thread Group 1-45,text,true,68,24,24,0
1622736439510,7,,200,Success,Example Thread Group 1-32,text,true,68,23,23,0
1622736439516,4,,200,Success,Example Thread Group 1-32,text,true,68,23,23,0
1622736439638,6,,200,Success,Example Thread Group 1-11,text,true,68,22,22,0
1622736439643,3,,200,Success,Example Thread Group 1-11,text,true,68,22,22,0
1622736439767,6,,200,Success,Example Thread Group 1-3,text,true,68,21,21,0
1622736439772,4,,200,Success,Example Thread Group 1-3,text,true,68,21,21,0
1622736439895,6,,200,Success,Example Thread Group 1-23,text,true,68,20,20,0
1622736439900,4,,200,Success,Example Thread Group 1-23,text,true,68,20,20,0
1622736440027,6,,200,Success,Example Thread Group 1-40,text,true,68,19,19,0
1622736440032,4,,200,Success,Example Thread Group 1-40,text,true,68,19,19,0
1622736440152,7,,200,Success,Example Thread Group 1-26,text,true,68,18,18,0
1622736440159,3,,200,Success,Example Thread Group 1-26,text,true,68,18,18,0
1622736440294,7,,200,Success,Example Thread Group 1-49,text,true,67,17,17,0
1622736440300,3,,200,Success,Example Thread Group 1-49,text,true,68,17,17,0
1622736440430,7,,200,Success,Example Thread Group 1-1,text,true,68,16,16,0
1622736440436,3,,200,Success,Example Thread Group 1-1,text,true,68,16,16,0
1622736440557,8,,200,Success,Example Thread Group 1-46,text,true,67,15,15,0
1622736440564,3,,200,Success,Example Thread Group 1-46,text,true,68,15,15,0
1622736440691,8,,200,Success,Example Thread Group 1-34,text,true,68,14,14,0
1622736440699,3,,200,Success,Example Thread Group 1-34,text,true,68,14,14,0
1622736440823,8,,200,Success,Example Thread Group 1-8,text,true,66,13,13,0
1622736440831,3,,200,Success,Example Thread Group 1-8,text,true,68,13,13,0
1622736440953,6,,200,Success,Example Thread Group 1-17,text,true,68,12,12,0
1622736440958,4,,200,Success,Example Thread Group 1-17,text,true,68,12,12,0
1622736441083,11,,200,Success,Example Thread Group 1-24,text,true,68,11,11,0
1622736441094,3,,200,Success,Example Thread Group 1-24,text,true,68,11,11,0
1622736441214,7,,200,Success,Example Thread Group 1-41,text,true,68,10,10,0
1622736441220,3,,200,Success,Example Thread Group 1-41,text,true,68,10,10,0
1622736441353,6,,200,Success,Example Thread Group 1-25,text,true,68,9,9,0
1622736441359,3,,200,Success,Example Thread Group 1-25,text,true,68,9,9,0
1622736441486,7,,200,Success,Example Thread Group 1-27,text,true,68,8,8,0
1622736441492,3,,200,Success,Example Thread Group 1-27,text,true,68,8,8,0
1622736441615,6,,200,Success,Example Thread Group 1-5,text,true,68,7,7,0
1622736441621,3,,200,Success,Example Thread Group 1-5,text,true,67,7,7,0
1622736441794,6,,200,Success,Example Thread Group 1-48,text,true,68,6,6,0
1622736441799,3,,200,Success,Example Thread Group 1-48,text,true,67,6,6,0
1622736441926,5,,200,Success,Example Thread Group 1-12,text,true,68,5,5,0
1622736441930,3,,200,Success,Example Thread Group 1-12,text,true,68,5,5,0
1622736442061,5,,200,Success,Example Thread Group 1-13,text,true,68,4,4,0
1622736442066,3,,200,Success,Example Thread Group 1-13,text,true,68,4,4,0
1622736442197,10,,200,Success,Example Thread Group 1-30,text,true,68,3,3,0
1622736442206,3,,200,Success,Example Thread Group 1-30,text,true,68,3,3,0
1622736442330,6,,200,Success,Example Thread Group 1-43,text,true,68,2,2,0
1622736442336,4,,200,Success,Example Thread Group 1-43,text,true,68,2,2,0
1622736442458,5,,200,Success,Example Thread Group 1-36,text,true,67,1,1,0
1622736442463,2,,200,Success,Example Thread Group 1-36,text,true,68,1,1,0
1622736592843,792,,200,Success,Example Thread Group 1-13,text,true,68,50,50,0
1622736593093,543,,200,Success,Example Thread Group 1-20,text,true,68,50,50,0
1622736593268,367,,200,Success,Example Thread Group 1-14,text,true,67,50,50,0
1622736592843,792,,200,Success,Example Thread Group 1-33,text,true,68,50,50,0
1622736592951,684,,200,Success,Example Thread Group 1-32,text,true,68,50,50,0
1622736592843,793,,200,Success,Example Thread Group 1-34,text,true,68,50,50,0
1622736592843,792,,200,Success,Example Thread Group 1-10,text,true,68,50,50,0
1622736593514,121,,200,Success,Example Thread Group 1-41,text,true,68,50,50,0
1622736593656,15,,200,Success,Example Thread Group 1-13,text,true,68,50,50,0
1622736593656,16,,200,Success,Example Thread Group 1-33,text,true,68,50,50,0
1622736593656,16,,200,Success,Example Thread Group 1-34,text,true,68,50,50,0
1622736593656,18,,200,Success,Example Thread Group 1-32,text,true,68,50,50,0
1622736593656,21,,200,Success,Example Thread Group 1-10,text,true,68,50,50,0
1622736593656,23,,200,Success,Example Thread Group 1-20,text,true,68,50,50,0
1622736593656,38,,200,Success,Example Thread Group 1-41,text,true,68,47,47,0
1622736593656,43,,200,Success,Example Thread Group 1-14,text,true,68,43,43,0
1622736593741,17,,200,Success,Example Thread Group 1-16,text,true,68,42,42,0
1622736593758,8,,200,Success,Example Thread Group 1-16,text,true,68,42,42,0
1622736593882,12,,200,Success,Example Thread Group 1-45,text,true,68,41,41,0
1622736593894,6,,200,Success,Example Thread Group 1-45,text,true,68,41,41,0
1622736594017,11,,200,Success,Example Thread Group 1-19,text,true,68,40,40,0
1622736594028,6,,200,Success,Example Thread Group 1-19,text,true,68,40,40,0
1622736594156,10,,200,Success,Example Thread Group 1-35,text,true,68,39,39,0
1622736594166,5,,200,Success,Example Thread Group 1-35,text,true,68,39,39,0
1622736594295,10,,200,Success,Example Thread Group 1-39,text,true,68,38,38,0
1622736594306,5,,200,Success,Example Thread Group 1-39,text,true,68,38,38,0
1622736594432,9,,200,Success,Example Thread Group 1-1,text,true,67,37,37,0
1622736594441,5,,200,Success,Example Thread Group 1-1,text,true,68,37,37,0
1622736594565,9,,200,Success,Example Thread Group 1-50,text,true,68,36,36,0
1622736594574,5,,200,Success,Example Thread Group 1-50,text,true,68,36,36,0
1622736594706,12,,200,Success,Example Thread Group 1-30,text,true,66,35,35,0
1622736594718,5,,200,Success,Example Thread Group 1-30,text,true,68,35,35,0
1622736594864,10,,200,Success,Example Thread Group 1-11,text,true,68,34,34,0
1622736594874,5,,200,Success,Example Thread Group 1-11,text,true,68,34,34,0
1622736595011,11,,200,Success,Example Thread Group 1-40,text,true,68,33,33,0
1622736595022,11,,200,Success,Example Thread Group 1-40,text,true,68,33,33,0
1622736595170,15,,200,Success,Example Thread Group 1-24,text,true,67,32,32,0
1622736595185,6,,200,Success,Example Thread Group 1-24,text,true,68,32,32,0
1622736595315,10,,200,Success,Example Thread Group 1-25,text,true,68,31,31,0
1622736595326,4,,200,Success,Example Thread Group 1-25,text,true,68,31,31,0
1622736595456,8,,200,Success,Example Thread Group 1-49,text,true,68,30,30,0
1622736595464,5,,200,Success,Example Thread Group 1-49,text,true,67,30,30,0
1622736595598,9,,200,Success,Example Thread Group 1-46,text,true,68,29,29,0
1622736595608,4,,200,Success,Example Thread Group 1-46,text,true,68,29,29,0
1622736595738,12,,200,Success,Example Thread Group 1-8,text,true,68,28,28,0
1622736595750,5,,200,Success,Example Thread Group 1-8,text,true,68,28,28,0
1622736595898,7,,200,Success,Example Thread Group 1-5,text,true,68,27,27,0
1622736595905,5,,200,Success,Example Thread Group 1-5,text,true,68,27,27,0
1622736596032,7,,200,Success,Example Thread Group 1-12,text,true,68,26,26,0
1622736596039,30,,200,Success,Example Thread Group 1-12,text,true,67,26,26,0
1622736596172,8,,200,Success,Example Thread Group 1-26,text,true,68,25,25,0
1622736596180,5,,200,Success,Example Thread Group 1-26,text,true,68,25,25,0
1622736596299,6,,200,Success,Example Thread Group 1-15,text,true,67,24,24,0
1622736596306,4,,200,Success,Example Thread Group 1-15,text,true,68,24,24,0
1622736596438,10,,200,Success,Example Thread Group 1-17,text,true,68,23,23,0
1622736596448,4,,200,Success,Example Thread Group 1-17,text,true,68,23,23,0
1622736596573,7,,200,Success,Example Thread Group 1-31,text,true,68,22,22,0
1622736596581,3,,200,Success,Example Thread Group 1-31,text,true,68,22,22,0
1622736596698,7,,200,Success,Example Thread Group 1-3,text,true,68,21,21,0
1622736596705,3,,200,Success,Example Thread Group 1-3,text,true,68,21,21,0
1622736596823,7,,200,Success,Example Thread Group 1-6,text,true,68,20,20,0
1622736596831,3,,200,Success,Example Thread Group 1-6,text,true,68,20,20,0
1622736596950,6,,200,Success,Example Thread Group 1-42,text,true,68,19,19,0
1622736596956,5,,200,Success,Example Thread Group 1-42,text,true,68,19,19,0
1622736597088,6,,200,Success,Example Thread Group 1-23,text,true,68,18,18,0
1622736597095,3,,200,Success,Example Thread Group 1-23,text,true,68,18,18,0
1622736597213,6,,200,Success,Example Thread Group 1-29,text,true,66,17,17,0
1622736597220,3,,200,Success,Example Thread Group 1-29,text,true,68,17,17,0
1622736597353,9,,200,Success,Example Thread Group 1-36,text,true,68,16,16,0
1622736597362,4,,200,Success,Example Thread Group 1-36,text,true,68,16,16,0
1622736597495,9,,200,Success,Example Thread Group 1-37,text,true,68,15,15,0
1622736597504,4,,200,Success,Example Thread Group 1-37,text,true,68,15,15,0
1622736597644,9,,200,Success,Example Thread Group 1-9,text,true,68,14,14,0
1622736597653,5,,200,Success,Example Thread Group 1-9,text,true,68,14,14,0
1622736597784,8,,200,Success,Example Thread Group 1-38,text,true,67,13,13,0
1622736597793,2,,200,Success,Example Thread Group 1-38,text,true,68,13,13,0
1622736597919,14,,200,Success,Example Thread Group 1-2,text,true,68,12,12,0
1622736597934,5,,200,Success,Example Thread Group 1-2,text,true,68,12,12,0
1622736598059,15,,200,Success,Example Thread Group 1-44,text,true,68,11,11,0
1622736598075,4,,200,Success,Example Thread Group 1-44,text,true,68,11,11,0
1622736598197,9,,200,Success,Example Thread Group 1-43,text,true,68,10,10,0
1622736598208,8,,200,Success,Example Thread Group 1-43,text,true,67,10,10,0
1622736598348,13,,200,Success,Example Thread Group 1-22,text,true,67,9,9,0
1622736598361,8,,200,Success,Example Thread Group 1-22,text,true,68,9,9,0
1622736598498,8,,200,Success,Example Thread Group 1-27,text,true,68,8,8,0
1622736598507,6,,200,Success,Example Thread Group 1-27,text,true,68,8,8,0
1622736598670,13,,200,Success,Example Thread Group 1-48,text,true,68,7,7,0
1622736598684,6,,200,Success,Example Thread Group 1-48,text,true,68,7,7,0
1622736598847,10,,200,Success,Example Thread Group 1-18,text,true,68,6,6,0
1622736598857,7,,200,Success,Example Thread Group 1-18,text,true,68,6,6,0
1622736599010,5,,200,Success,Example Thread Group 1-4,text,true,67,5,5,0
1622736599016,3,,200,Success,Example Thread Group 1-4,text,true,68,5,5,0
1622736599173,7,,200,Success,Example Thread Group 1-21,text,true,67,4,4,0
1622736599180,4,,200,Success,Example Thread Group 1-21,text,true,68,4,4,0
1622736599311,5,,200,Success,Example Thread Group 1-28,text,true,68,3,3,0
1622736599317,5,,200,Success,Example Thread Group 1-28,text,true,68,3,3,0
1622736599484,8,,200,Success,Example Thread Group 1-47,text,true,68,2,2,0
1622736599492,5,,200,Success,Example Thread Group 1-47,text,true,68,2,2,0
1622736599620,5,,200,Success,Example Thread Group 1-7,text,true,68,1,1,0
1622736599626,2,,200,Success,Example Thread Group 1-7,text,true,68,1,1,0
